{
  "run_label": "pd_imitation_qwen3_8b_instruct_native_offload",
  "windows": {
    "prefill_start_unix_ms": 1774765141391,
    "prefill_end_unix_ms": 1774765256741,
    "decode_start_unix_ms": 1774765386354,
    "decode_end_unix_ms": 1774765718935,
    "window_start_unix_ms": 1774765141391,
    "window_end_unix_ms": 1774765718935
  },
  "full": {
    "start_unix_ms": 1774765141391,
    "end_unix_ms": 1774765718935,
    "duration_s": 577.544,
    "num_samples": 5775,
    "tx_total_GiB": 335.591863,
    "rx_total_GiB": 54.423715,
    "total_transfer_GiB": 390.015579,
    "avg_tx_GiB_s": 0.5810671792971618,
    "avg_rx_GiB_s": 0.09423301947557243,
    "avg_total_GiB_s": 0.675300200504204,
    "peak_tx_GiB_s": 15.59942,
    "peak_tx_t_ms": 451955,
    "peak_rx_GiB_s": 1.635542,
    "peak_rx_t_ms": 456,
    "peak_total_GiB_s": 15.944288,
    "peak_total_t_ms": 58456,
    "link_ref_GiB_s": 29.340386
  },
  "prefill": {
    "start_unix_ms": 1774765141391,
    "end_unix_ms": 1774765256741,
    "duration_s": 115.35,
    "num_samples": 1153,
    "tx_total_GiB": 147.220508,
    "rx_total_GiB": 19.087445,
    "total_transfer_GiB": 166.307954,
    "avg_tx_GiB_s": 1.2762939575205896,
    "avg_rx_GiB_s": 0.16547416558300823,
    "avg_total_GiB_s": 1.4417681317728652,
    "peak_tx_GiB_s": 15.476904,
    "peak_tx_t_ms": 21156,
    "peak_rx_GiB_s": 1.635542,
    "peak_rx_t_ms": 456,
    "peak_total_GiB_s": 15.944288,
    "peak_total_t_ms": 58456,
    "link_ref_GiB_s": 29.340386
  },
  "decode": {
    "start_unix_ms": 1774765386354,
    "end_unix_ms": 1774765718935,
    "duration_s": 332.581,
    "num_samples": 3325,
    "tx_total_GiB": 188.27287099999998,
    "rx_total_GiB": 35.252579999999995,
    "total_transfer_GiB": 223.525451,
    "avg_tx_GiB_s": 0.5660962923317928,
    "avg_rx_GiB_s": 0.10599697517296536,
    "avg_total_GiB_s": 0.6720932675047582,
    "peak_tx_GiB_s": 15.59942,
    "peak_tx_t_ms": 206992,
    "peak_rx_GiB_s": 0.57891,
    "peak_rx_t_ms": 254392,
    "peak_total_GiB_s": 15.862052,
    "peak_total_t_ms": 266692,
    "link_ref_GiB_s": 29.340386
  }
}