request_id,phase,session_id,turn_id,prompt_tokens,reused_prefix_tokens_est,appended_tokens_est,reuse_ratio_est,expected_external_hit,max_tokens,submit_ts_unix_ms,response_finish_ts_unix_ms,post_metrics_ts_unix_ms,elapsed_ms,response_id,usage_prompt_tokens,usage_completion_tokens,http_status,error,metrics_error,lmcache_requested_tokens,lmcache_hit_tokens,lmcache_vllm_hit_tokens,lmcache_remote_read_bytes,lmcache_remote_write_bytes,lmcache_remote_read_requests,lmcache_remote_write_requests,lmcache_hit_ratio,lmcache_remote_read_GiB,lmcache_remote_write_GiB
turn_000_seed,seed,main_session,0,24832,0,24832,0.0,0,16,1774778627167,1774778630580,1774778631788,3413,cmpl-9e270eff6cdb0e56,24832,16,200,,,0,0,0,0,0,0,0,0.0,0.0,0.0
turn_001_reuse,reuse,main_session,1,25088,24832,256,0.9897959183673469,1,16,1774778632046,1774778632723,1774778633936,677,cmpl-82de1677628e8cc2,25088,16,200,,,0,0,0,0,0,0,0,0.0,0.0,0.0
turn_002_reuse,reuse,main_session,2,25344,25088,256,0.98989898989899,1,16,1774778634201,1774778634891,1774778636106,690,cmpl-9e48b608e6d81eb8,25344,16,200,,,0,0,0,0,0,0,0,0.0,0.0,0.0
turn_003_reuse,reuse,main_session,3,25600,25344,256,0.99,1,16,1774778636371,1774778637068,1774778638294,697,cmpl-b46dcfbfc25547b6,25600,16,200,,,75264,75264,0,11098128384,3774873600,3,100,1.0,10.3359375,3.515625
turn_004_reuse,reuse,main_session,4,25856,25600,256,0.9900990099009901,1,16,1774778638568,1774778639268,1774778640493,700,cmpl-95a61b3502b7f694,25856,16,200,,,0,0,0,0,0,0,0,0.0,0.0,0.0
turn_005_reuse,reuse,main_session,5,26112,25856,256,0.9901960784313726,1,16,1774778640768,1774778641467,1774778642691,699,cmpl-aca7a526925bb488,26112,16,200,,,0,0,0,0,0,0,0,0.0,0.0,0.0
