{
  "run_label": "pd_imitation_qwen3_8b_instruct",
  "windows": {
    "prefill_start_unix_ms": 1774764313940,
    "prefill_end_unix_ms": 1774764429114,
    "decode_start_unix_ms": 1774764560570,
    "decode_end_unix_ms": 1774764893228,
    "window_start_unix_ms": 1774764313940,
    "window_end_unix_ms": 1774764893228
  },
  "full": {
    "start_unix_ms": 1774764313940,
    "end_unix_ms": 1774764893228,
    "duration_s": 579.288,
    "num_samples": 5793,
    "tx_total_GiB": 3.2523440000000003,
    "rx_total_GiB": 9.994031000000001,
    "total_transfer_GiB": 13.246374999999999,
    "avg_tx_GiB_s": 0.005614381792821533,
    "avg_rx_GiB_s": 0.017252266575520297,
    "avg_total_GiB_s": 0.022866648368341822,
    "peak_tx_GiB_s": 0.021839,
    "peak_tx_t_ms": 374327,
    "peak_rx_GiB_s": 0.055552,
    "peak_rx_t_ms": 272727,
    "peak_total_GiB_s": 0.069011,
    "peak_total_t_ms": 251827,
    "link_ref_GiB_s": 29.340386
  },
  "prefill": {
    "start_unix_ms": 1774764313940,
    "end_unix_ms": 1774764429114,
    "duration_s": 115.174,
    "num_samples": 1152,
    "tx_total_GiB": 0.375262,
    "rx_total_GiB": 0.9834919999999999,
    "total_transfer_GiB": 1.358755,
    "avg_tx_GiB_s": 0.0032582180005904108,
    "avg_rx_GiB_s": 0.008539184190876412,
    "avg_total_GiB_s": 0.011797410873981973,
    "peak_tx_GiB_s": 0.011128,
    "peak_tx_t_ms": 6027,
    "peak_rx_GiB_s": 0.017555,
    "peak_rx_t_ms": 43727,
    "peak_total_GiB_s": 0.022071,
    "peak_total_t_ms": 6027,
    "link_ref_GiB_s": 29.340386
  },
  "decode": {
    "start_unix_ms": 1774764560570,
    "end_unix_ms": 1774764893228,
    "duration_s": 332.658,
    "num_samples": 3326,
    "tx_total_GiB": 2.7780270000000002,
    "rx_total_GiB": 8.925721000000001,
    "total_transfer_GiB": 11.703747,
    "avg_tx_GiB_s": 0.008351000126255795,
    "avg_rx_GiB_s": 0.026831523666949242,
    "avg_total_GiB_s": 0.035182520787114695,
    "peak_tx_GiB_s": 0.021839,
    "peak_tx_t_ms": 127697,
    "peak_rx_GiB_s": 0.055552,
    "peak_rx_t_ms": 26097,
    "peak_total_GiB_s": 0.069011,
    "peak_total_t_ms": 5197,
    "link_ref_GiB_s": 29.340386
  }
}