prompt_tokens,samples,mean_ms,std_ms,prefill_tps
2048,12,590.9166666666666,114.21547286783976,3465.8017204907633
4096,12,1182.1666666666667,236.62507103522282,3464.824474834343
8192,12,2654.3333333333335,456.4651402269666,3086.2740173301518
16384,12,6310.083333333333,1045.1193458020462,2596.4791801481756
24576,12,11278.25,1341.888636823624,2179.061467869572
28672,12,14518.666666666666,782.7400977374677,1974.8369914592708
